feature_1,feature_2,feature_3,target
1.1264454965223083,0.9788386967909468,-0.6182705978675462,1
0.3121048053077886,1.0980530582306343,-0.6399791180580032,1
-0.8204618947518145,-0.40250745421881917,-1.0840690967388755,0
-1.1338048578709843,0.6883326406639521,-1.0823643109773438,0
1.1295619857479966,0.26778036286329615,-1.0863512923191694,1
-0.3913033991129651,-1.1863601393450098,1.1077160720868833,0
0.5303378398218777,0.8444934856640908,-0.7543948073556836,1
1.7204923012666606,-0.8294842733037786,-1.3987745243474423,1
0.14569329277855148,-1.4925671563594527,0.9220202068041465,0
-0.43239192092474077,-0.13642593295447908,0.5132616018886949,0
0.6603895263728946,-0.20445156933451525,0.25198263564447676,1
0.901327294063768,-1.1176121645044397,1.155384989278228,1
0.6978371805739632,0.14028887788801556,1.1101488777074207,1
-1.2807281912501065,-1.1676228598073601,-1.1389975552347118,0
-0.5398993321039732,-2.3014703413592548,-0.12050639351334358,0
1.328860034680132,-0.5993041559340528,-1.1944584844138375,1
-0.5368360022431001,-1.8205863380723604,0.902856797595369,0
-1.0217415419234295,0.9701857666957409,2.1023088732520696,0
0.5465828487494503,-1.9755691060310279,-0.6976572931901582,1
-1.7451780117684668,0.3311809359894636,0.583147711189186,0
-1.8997966834677062,0.8606344196459856,1.1343383907372173,0
-0.4910516604995814,-1.3584640464540152,0.4135527348978275,0
-0.7308172507015687,0.5901730650610333,-0.7071761123978202,0
-0.5910764232960074,-2.2696700192722865,0.6405863748048549,0
1.21140668504069,-0.6241246578199762,1.5192690408543017,1
0.8469852102936073,-1.0741447588596325,-0.8738260762859571,1
1.3709891238496708,0.3853695929471475,1.26819998791442,1
-0.7959411146576557,0.4419493627700664,-0.958199625628255,0
1.522275070233656,-1.3391394916896395,-1.2684502089749004,1
0.8368097050352588,0.7010351630658618,-0.9245237778487474,1
-0.9031024044320229,0.7566955911379498,-0.7802816493507795,0
0.8369114436220335,2.28150507388625,-0.8875243060112102,1
1.2463099581785346,0.7804290028237073,-1.1431069580860969,1
1.6019547160892342,0.16599369110820036,-1.341613384094902,1
0.9560382852470372,-0.5325495952678834,-0.9795175808929323,1
-0.9679971003632301,-1.1501969919449486,-0.9228760594913062,0
-0.9886433248919485,-1.3916023524195165,-0.9149856142678175,0
0.6690521787551063,-1.1298522294148092,2.3654729175655422,1
1.0718656105045044,0.7126308202933708,-1.0259421564683653,1
1.5095825136149912,0.31930191577637407,-1.2808425282202291,1
-0.7013635279940258,-0.25492534536591965,0.9562253729408152,0
1.1729961234018496,-0.6598593078771858,-0.9504103734341618,1
0.7945024065769004,0.6426296298036787,-0.8351572540991079,1
1.111554460330346,-0.8595472072988709,2.4048992056862564,1
0.7796495860500743,1.8142445801468805,0.5749393729042858,1
0.9318083075584767,0.22237286313382135,1.8504630721144544,1
-0.8129848541026824,0.8843614515126829,-0.360913469605059,0
0.344986791828629,-1.0401229912813073,1.6749191282736655,1
-1.2275998077607988,1.9040883662219616,-1.447602447047716,0
1.4945714632823168,-2.373617533293135,-1.2530323040332068,1
-1.5412354034792068,0.6005262197770093,1.304074929949669,0
-1.315044252060095,-1.4683401826548588,-1.666715842869324,0
-0.6424913899536683,1.5874104949090513,-0.4171950813460227,0
0.8490038310631655,1.5632346635013734,0.8338482960063404,1
0.5872717853460125,1.3295468202137048,-0.7610936940918218,1
0.6583610747456969,-0.3707517581185182,-0.8117458077047511,1
-1.1064713317394395,-0.825592990296037,-1.4312608342156958,0
-0.7892410812317581,1.202985396159782,-0.904377973702297,0
0.5246680541876578,-0.7548273008817271,1.4452889466925207,1
0.22281911023954537,-0.24054955444481732,2.086873132846918,1
0.46123106791018675,1.1395080048333202,-0.7623161883872127,1
0.367720681505154,-0.14843023910966907,-0.6508537244024442,1
-1.1022730410441686,0.18846528860416012,-1.1817953009032802,0
1.8621435147310548,-1.7509446821254613,-1.5382613403080867,1
1.7395550545554772,-0.348574953894476,-1.4017956420098228,1
-1.7814029197279817,0.022923962298501764,1.1780631717632188,0
-1.0496303980506332,0.7346769691181939,-1.0846742623162682,0
-1.1873153532855727,1.324284270239615,-1.2092845539318884,0
0.1256164488777476,1.1694879793425774,0.6899051012249827,0
1.6766494484632286,0.5210024946978523,-1.3899607318185936,1
0.19387636303043965,1.7247707462957216,-0.5665363728755326,1
-1.1962655806614457,-1.2566220159410793,-1.247851508598551,0
-1.7644837050730833,-0.5590780403681829,1.8506836122438588,0
0.8286885767975992,-0.0873266502528568,0.7101490205492741,1
0.9650108448683244,-1.32658896468764,0.6808800641205179,1
-0.653320216722604,0.14494003665754135,1.2591962089757303,0
0.45080888912384465,-0.19113319749704363,0.7853063269309749,1
0.9172544333127803,0.4482472212339875,0.9220504834081643,1
0.5285095091084844,1.0281960256221063,1.455437601854908,1
-1.0665338598673442,0.7000815639201556,-1.0162005643332854,0
-0.49481569253222657,-0.7539790416583967,0.42496670233741896,0
-1.5950399227912548,-0.41978916415542067,1.248553936668715,0
0.9472663819783113,-0.015633633226766946,2.22181746704684,1
-0.9546020123258502,-0.11018575585277231,-0.8293855240236186,0
1.1192199560101532,0.01940475115055962,1.6037349265431924,1
-1.1175867791339105,-0.34971509633800685,0.7970546131315723,0
-0.7651568684906322,0.8163547921435252,-0.7752493873287045,0
0.43203323044406816,0.8160321573625562,-0.6635236530068847,1
-1.0463409036274967,2.7068268837951437,0.5023077323926273,0
-1.300473525369848,0.614332671268144,-1.3147242080555839,0
1.3887087589929399,-1.9415318215089188,-1.230011814657744,1
0.4726370220022096,-0.3026949858454554,-0.6638392563450821,1
0.9277282826264074,-0.7558236252764093,-0.9655197101271692,1
1.410266793405017,-1.1659610431771705,0.6203055916713075,1
-1.154795425764883,1.9038002141283565,-1.2978882010811832,0
0.5530724373589018,-0.10286384667786892,1.7720186409478995,1
1.1178308389192504,0.12057597449571286,-0.042797855533002416,1
0.663766476736706,1.36103889755945,0.13299223011645156,1
0.6946200758993574,-2.082681039088723,0.5683570660402343,1
1.1466058566370336,0.6387707236691959,-1.1379883781822517,1
0.7490527584872348,1.199337668587599,0.1501597817464012,1
-2.279195038838637,0.4347885519313807,1.7213718825576043,0
-1.5654926136183498,0.5535493478269232,1.2237369799893325,0
0.3862495853691882,0.646163206476638,0.6768311641280977,1
1.2083354497134093,-0.9790843035219582,-1.0968611265937165,1
2.0440062745359415,0.9980689976090207,-1.6085069243551833,1
-2.250982189199389,0.09387740208432471,1.3762814131549603,0
-0.9407963032832867,0.6666531492352454,0.4977440650516246,0
-0.9347659348191674,0.848255472586802,-1.0038774371871717,0
-1.151807611419937,-0.24803752740392218,-1.3193005892434417,0
1.1127987996768554,0.9563178949257166,-1.0648467932560177,1
1.7353770829674233,-0.194721982149976,-0.22578062765493168,1
-1.0335971456418713,0.17888390241807786,-0.8627710427545969,0
-0.7020773974233999,-1.1449746212926175,-0.5298731756940491,0
1.9127121555819633,0.5881476099470583,-1.5393111824476515,1
-1.6230349641303454,-0.10962034617352819,0.671098757231755,0
-0.9667160216833218,0.4063922299735908,-1.1000558313536304,0
1.425975097844759,-0.8936402843797931,-1.2806931015708023,1
1.5960354846007847,-1.4901170085325677,-1.2773902436085571,1
0.9284971739708817,1.394809432728259,-0.9560625304047727,1
0.6826239263829763,-1.2719522297106964,0.2620528522788904,1
-1.089545209628261,1.7931712128143544,-0.9638323850909151,0
-1.2964881970392996,-0.9318623327046992,1.4712479808919436,0
1.1431792031522834,-0.6334690933863844,-1.062135921445083,1
-0.8665690484502042,-1.7352632902801648,1.0075151191674843,0
-0.6965319561646379,1.5677961963631954,-0.5066194221870329,0
1.4045223715247335,-1.8639232162915655,0.3481235177751023,1
0.5508497100736877,0.025876729554520705,-0.6655260041129405,1
1.5006937808654985,-1.4687709556675845,-1.3178926994965572,1
0.39346588029202045,-1.9499127673541043,-0.740056842424455,1
-1.0955643804854571,-0.13007171648685956,0.31383544648114226,0
0.7804558351286559,1.9744162086484562,-0.8409506301540853,1
0.9789552603245276,0.25114072478954735,0.18587554045870314,1
-0.6424801664763609,-0.2849685344924938,-0.16145344716185506,0
-2.0988314960814973,-0.6658770793565861,1.7708831203294753,0
1.7848135639010736,0.16497699434098398,-1.5343002116947102,1
1.1756001914716472,0.37519018848070684,0.9863701832396947,1
-1.0330139765115227,0.7386977268249858,-0.8407175276397781,0
0.5127465374460128,0.04564954508980893,-0.7447534160900775,1
-1.0334154806542555,-1.5800933004639361,-0.9189243863411547,0
-1.2826049124684333,0.8602135048884125,1.0639676596579448,0
-0.7624201477559882,1.0375163762548083,-0.6420839772557456,0
-0.87352157101494,2.069557387350203,-0.8227509058766886,0
-0.11765362126728285,-0.013745031540047734,0.12382518916657692,0
-0.9400327994871909,0.5169745742003942,-1.0040589068983126,0
-1.0049166911775675,-1.2465090287765845,-1.2770986723006574,0
-0.9839372030755633,0.8924887670866697,-1.116699923414354,0
1.3502338831410026,1.0555120183888038,0.20497072317498544,1
0.41836906150935826,1.3286361910813438,-0.6736947286494865,1
-1.606796508874762,-0.0006482665686147838,1.8019909590509249,0
-0.8571023123632433,-0.16567000872071952,-0.7811972985477509,0
-2.171964943637268,1.9803949379330452,1.7816282865604947,0
1.3265368121189278,-0.08182823727764887,0.6829471654399868,1
-1.0264193115275684,-0.046139654060190015,-1.0924226953072704,0
-1.0553276000865741,-1.0408001349618266,1.3533246669657313,0
-0.8162371482547639,-1.352278430027957,-0.44383348937131917,0
0.5016907987373707,0.22736777372730765,-0.7514396827589775,1
0.04216140103332966,0.6571017876765919,2.3676216502498413,1
1.523393196113962,-0.6609981217151295,-1.34646526093231,1
1.4997551692712379,0.003877635318581984,-0.8300151867068699,1
1.1393086372850965,0.5777074532501023,-1.0684989672454392,1
-1.1692626570698887,0.6379630081360191,1.3956257109954777,0
1.311318317829849,0.6019937959126008,-1.1945469733434784,1
0.5581842490370708,-0.8719825137033944,-0.816723077364279,1
0.7488988603264617,1.809857534839643,1.3142365287895934,1
0.28142272264809687,-1.5607471975983824,2.5285916009470784,1
-0.8313153250491494,-1.1970639999959511,-0.7591847852502499,0
-0.8298049543887152,-0.8891548187130497,-0.6409972741186228,0
0.30776421140462606,1.8571917974410532,-0.6128360445467211,1
-0.9728462990849357,-1.111022188148669,-0.8727182957418037,0
-1.904880549218345,-0.38172251285460745,1.7154047796618883,0
0.07170602759469746,0.7048355227761527,0.23286158727003714,0
-0.3331556509462179,0.5296828531878088,0.9052308273634635,0
1.1467712070466876,-0.8682478332634518,1.0516963754862567,1
1.128328845399711,0.11868291347907073,1.8813244715734143,1
0.7220755634079694,0.6189031737164427,1.02499845582783,1
1.855022147304409,0.09155961923023674,-1.4768549532949011,1
1.273110223045275,-2.0088843412086907,0.8631331235991495,1
-0.9302432944287293,-0.8106255030778176,-0.9333643239973747,0
-1.3422926468040073,0.9171083283509248,-1.5469861679247692,0
1.501518971530658,0.2676065560921209,1.0713718498099967,1
1.070267277027604,0.7357090435834791,-1.0419459454573945,1
-1.408498568581181,0.46208152429411525,0.55189554544181,0
-0.5349178549040257,-2.718469059745374,0.41771419414518096,0
1.5823987636744978,-0.25791965063330313,-1.3337265393398305,1
1.3864305324852213,0.2130156629483905,-1.2343692295475264,1
0.5121052548339047,0.6142740297977944,1.1155277330823417,1
-0.8222557052461803,-0.1314713139595484,1.412979972767283,0
0.6352688640424158,0.6613413663892594,-0.5233243308847144,1
1.0722692379597196,-0.9298879238631168,-1.0272478258073472,1
0.924985730842326,1.8457357413721807,0.5584681703652041,1
1.2397280448778152,1.500117599415754,-1.1134736680920907,1
0.8775306507896845,0.6635462022500065,1.5560074012631928,1
-1.2789102344245133,0.0586605188205961,-1.4335974326790937,0
0.8982229195518591,1.6435274549589272,1.4191124443572143,1
-1.1777279938278598,-1.75560198051318,-1.699963321506965,0
0.7229357101488489,1.5438863836033172,-0.8176912721469267,1
-2.1152587620550865,0.8640836965389329,1.583513566843198,0
1.1377371328472774,-0.6685332080317774,-1.0490830809402734,1
-1.5234061086785347,0.6058516851004856,2.1742593199993436,0
0.6212457399389166,-1.3724611381235448,-0.8429376133955959,1
0.9419647255103643,0.6545093889547208,1.3030307603578606,1
1.032114109574807,0.36468591112786225,-1.009963726082607,1
1.3350340141306953,0.41309105075329383,-1.1507900081935865,1
1.11017499978204,-0.762832249516246,-1.1030537425676996,1
-0.3357862798523431,-0.025369628638159107,0.5779231214691574,0
1.5741430000985384,0.4681983733643178,-1.3156469731112987,1
0.7811584164935322,0.07015512827802216,-0.8997438569501512,1
-0.4518889947878416,1.2957857663755565,-0.39782640114864765,0
0.8540775509703173,-1.8673676948194766,1.8276396874695644,1
0.51707283445998,0.23140361607258272,0.732056569435481,1
0.9791126212566243,-1.777778911615806,1.9814140936379268,1
-0.8890314912903843,-0.14695043289529483,-0.7492681821843271,0
0.8129153818655313,-0.5618864385881345,-0.876714008093785,1
-1.2743477838959238,0.9546132925478201,-1.587416622824041,0
1.073808329779149,0.11898993039073105,0.7466638158647705,1
-0.7285320789505139,1.927098686758491,-0.2934078547846489,0
-0.8220598237643564,-1.6869520425138094,-0.5328017556012318,0
-0.8517231652498714,1.5608236775744386,0.6544516320324872,0
0.43679330216751044,0.805548537105073,2.3233847151631313,1
-0.9794215890360101,0.8069359367031661,0.09342130278134819,1
1.3381961680785823,0.5455820581691255,0.714255741485641,1
-0.8661997948384655,1.3624583859721175,1.0427936905382793,0
-0.987389246955645,1.353557843375016,1.2177150405977686,0
1.4404482009568786,0.5929830038123626,-1.2417118993396996,1
1.0419652451490407,0.6074916353277616,-1.0357170726672822,1
1.488248912028193,0.23671381474624623,0.5989635480918105,1
-0.3374590166215402,-0.69276508069996,0.4212052034322785,0
1.4817322185190307,0.003620354700881227,-1.2200084004151628,1
0.7104978840818805,-0.7665394931300326,1.5961530167090578,1
0.12806924132680386,-0.33829783544228886,1.1435796970642416,0
-0.3360480652074813,-0.12983091010752143,1.4266110474538447,0
-0.8707711699587768,0.5631405555041762,0.9984186063818772,0
-0.5352138975474408,0.7120008527261211,0.5668455486618511,0
-1.0918049169304522,-0.933222823032841,-1.331194861406476,0
-1.455242102849073,0.9731134565799651,1.106301722859782,0
-0.6578844045179089,0.7486890237751986,0.2842395481112585,0
1.468124426711028,1.9360371226586186,-1.2652782185833098,1
0.4373131086044183,-0.37992319858545426,-0.6542880490699362,1
-1.73888738775098,-0.4258201482579785,0.8261710228888532,0
1.3539077601115612,0.7782653452787961,0.6476016491951827,1
-0.2736539457480176,0.5172473412524901,0.5178065875910126,0
1.236631284734094,-0.09763102054974857,1.732132365706758,1
-1.1828365890717636,0.931845873195905,-1.3254041219805528,0
-0.9282777134178491,-1.021115630124681,0.30454081442927694,0
0.49887651242843045,0.28820957570883454,-0.6637610732214494,1
-0.9242442464632942,-1.8440409772258415,-0.9275943758963028,0
0.5119509792151997,-0.06659045105479415,2.0810816179656983,1
1.4597077260134865,1.7627496233011342,-1.2397989433748453,1
0.6960154300148989,1.0145771928129543,2.2183228079459125,1
-0.8289787402573524,-1.2868072699126125,-0.5413866235051487,0
-1.9141860330513238,-0.6510609358645005,1.6197320735995215,0
-1.8517504190836576,-0.6834617504189313,0.8967739668558469,0
0.831748683895946,1.4039305256694585,-0.556631721591873,1
-0.8048975256566093,-0.23869382655027382,-0.6546503935388903,0
-0.6515936303518229,0.8138605993833367,0.03883385501570524,0
0.7877274069386906,-1.4032742584025972,-0.8908372439612935,1
1.421383596151744,-2.0292210872158614,-1.2827026221167335,1
-0.7225397646134115,-1.3508099868398855,-0.4299642929092856,0
-0.0958035533258107,0.5127779586719873,-0.03401154416998953,0
0.746791444174697,0.5256255103396882,-0.8863500873973585,1
-1.4608087700206849,-0.6446899424017852,1.8238061427132701,0
0.35802617885102883,1.8501765044786094,1.1970955385980695,1
-1.0236141165952106,0.30304581674530195,0.5633355791054819,0
0.43301420516941824,0.6674451093041271,1.7592782209704327,1
1.0749385334125314,0.16029959910398048,0.9444536559088931,1
0.8674718872752661,-1.94612452777185,1.964399697679831,1
0.1154039326220706,-0.9943761591085134,2.423561362124021,1
-1.328055111245719,-1.3645495701767438,-1.453701257689528,0
-0.658415664720819,2.2248635060181936,1.6046412860583081,0
0.674788831825691,-1.3254683131131593,1.4816107254751034,1
0.8580917163245984,0.5077658357365209,1.065394303122571,1
-0.7792726267463951,-0.18612194447790614,-0.8532594202558086,0
-0.801516697141994,-0.9366306787947708,-0.001372736694521759,0
1.34341391739857,0.22788012965945284,0.6144093371740637,1
-0.8103051260141134,-0.010970292883297022,0.6693714962233104,0
0.44457108817885704,-0.8650006744100901,-0.6187367703092713,1
-0.05277644055864261,0.4784288417845072,0.361498438923333,1
-2.3020180782322757,-1.654139160337681,1.4221905249038858,0
1.3597101416844348,0.6385888438342464,0.2612603484007291,1
-0.7626091271843708,-0.022731266933730735,-0.5929291821088476,0
-1.7465815726615093,-0.7798416534905508,1.1179782618342615,0
1.4341550656713262,1.3313474507017276,-1.2631940106461497,1
1.3681402630196158,0.8196202991185756,-0.9282991306872403,1
1.2445595700404668,1.088888776671004,1.9649205772039366,1
-1.5714810034790931,0.45869351361966004,0.8312742174490532,0
-1.9697853551070212,0.16433553486722718,1.6141068970942458,0
-0.9539164498879593,0.3808253175511745,-1.0743403983353643,0
-0.9583472933615044,2.138064892854321,-0.9863554243753019,0
0.36956733510335515,-0.20088811052455688,-0.6288731461351076,1
1.2578184977131341,-1.5194907383222096,-1.1051815051005511,1
-1.8377537392785985,0.1937053640676403,0.9033133478933394,0
0.9858726519979172,-1.655586431425887,1.4909382204130135,1
1.5284085678727757,0.1261446706667654,-1.284587225107904,1
1.007540558005692,-1.6122123976394833,-0.9821432697602595,1
0.26928158709946715,0.43376482061023974,-0.5784821632230617,1
-0.7373361571576142,-1.6869935992973761,0.9988691777435312,0
-1.0436610688743546,-0.02257999222544722,-1.1559920583803647,0
-1.0062517721309066,-0.696761831417158,-0.9129222086176725,0
-0.7471989598014634,-0.6957997304810487,0.6086970982317361,0
1.3011289395351104,1.6206084855954292,-1.1361262577884452,1
-1.8590521670993942,-1.066314461922377,1.7856973730748764,0
0.4724618412053103,0.18688712698278406,1.5916025658328616,1
-0.7474232542704324,-1.4675633915990702,-0.8387778380306568,0
0.7453765466868094,1.9713884545446574,0.08560717725304445,1
-2.011763352393369,0.5770909219723076,1.578239451350412,0
0.08485682092592395,0.1604623206287783,0.937557024834364,0
1.8174743426743685,-0.45653764668506713,-1.4561189712974787,1
0.8886790267439082,0.36503908080270175,-0.9415772436324837,1
0.8954273193851808,-0.24692570062921146,-0.903277976484254,1
-1.9733890447523508,0.34865682571807294,1.3052354738780716,0
-0.47675268448686825,-0.5583890388740368,0.607014777822511,0
1.8881528159061691,-1.773256563710962,0.47136395232618,1
-1.2080005108198735,0.8711351697091466,-1.2430099428795751,0
0.9246703679520762,0.15365048233158451,-1.0006142589924467,1
0.8104181675138415,0.33654857954924217,1.2343190957732326,1
0.6455200512786496,-1.2857692946434203,0.9819210120386702,1
-1.0944450229648854,0.8810517139335079,0.3535787508445757,0
-1.080827308151163,-1.3691933436155708,0.6939473318479635,0
-0.9778992589793339,1.2465110947233546,-0.9367620369013633,0
0.47197142019406624,0.14817215574512005,-0.7141567822430257,1
0.930305591263534,1.2164482748081038,-0.2086157871035923,1
-1.1308462835844284,1.1184323787167623,1.2123374540293141,0
-1.5773622010269783,-2.19753348700614,1.3055021448198958,0
1.1955752885417126,0.11734022345750353,-1.1030482210377635,1
-0.9298585630358448,-0.11628854059164596,-0.597896747397269,0
0.8258245826762453,-0.769928886251672,0.3292428240751607,1
-1.1546563300902208,0.039089945506312986,-1.5267143293935779,0
0.18385181469458112,0.6705019378030793,-0.5842183265396999,1
-1.5826375104709443,-0.6160172082984432,-2.088207043085104,0
-1.0890885406704924,1.536029666938301,-0.8559047961947482,0
1.9447346262136436,1.475042238596681,0.3326844311021062,1
-0.6938412247442355,-2.437385102488154,1.0824926835135695,0
0.5548223741945325,0.18367614053169948,0.6915679767024241,1
-0.836892621894124,-1.0343429361803667,-0.6799215168790667,0
-0.81394159651338,-1.2303301399718156,-0.7969624013968719,0
1.0386610906702636,0.2794886911491344,-1.0849441207653316,1
1.5737877045433466,0.9188463715407061,-1.2684395103948853,1
-1.008806607760503,-1.3680461842293095,1.0706673765546069,0
-1.0811725887702515,-1.5308950732782054,1.4932363346054391,0
1.2064894705090397,-0.2894392644085346,-1.1364032493761766,1
-1.0678033500656736,1.2315102150907953,-1.1097427598635101,0
0.7640499778068717,1.6629810970126173,-0.8640213443084378,1
-0.7391777645392004,0.9569830377974373,1.0307067494574451,0
-0.926156933174992,1.8500928481900483,-0.7729917762031424,0
1.4643178784180022,1.5621307014989696,-1.2367720348232214,1
0.6345676948207264,0.18687011068020729,-0.8207033525530698,1
-0.9308056625844446,-0.7164133274176191,1.0992939956183676,0
1.0520802289750346,0.9222403317491475,0.9424686720726455,1
-0.9881869088052839,1.9230120240980864,-0.8218992824719621,0
0.3875323086710478,2.39384751331432,-0.5874459160713622,1
1.0860996833519658,0.43634566022359234,1.1716106333930303,1
1.3589499465171995,-0.6295267939768883,1.3936706631025961,1
1.3614634617400438,0.5589372071790394,-1.194196046825224,1
1.6709031766847713,0.3156068673242728,-1.3609731818617576,1
-0.4143183647098786,-2.164362049316787,0.5345815366359643,0
-0.9522335808277302,1.0466355119736355,-1.0808564887322454,0
-1.0918170355790693,0.6403545937867863,-1.1306888546783724,0
-1.2959014399405238,-0.8459926304345512,-1.399129998410487,0
1.1410073486532015,-1.0878083531682052,2.4210023075448204,1
1.9148794115018917,0.6534223144855504,-1.4898180933454568,1
-0.49271709332544233,0.15979140614901097,0.577223284422333,0
0.5058700779708514,0.2190355518816792,0.6567324624121914,1
0.9607065152220774,-0.6689132700116114,-0.9558240390316969,1
-2.1787285922991844,-0.27713247506029065,1.6178787251093736,0
0.8321677999853422,0.10316988205755868,-0.8697570980759906,1
1.0778471965321623,0.22476724770053821,1.7529727034985996,1
-0.8833049381961283,0.5850682003318279,0.21458413407251153,0
1.3826969843174608,-1.1913975950943096,-1.1875879256022221,1
-1.257144049475237,-1.764392444412031,-1.4352128986185573,0
0.397659792541287,0.8103895595268142,-0.7533765320491864,1
0.9018849949748732,-0.11545254124700963,-1.0256265499219963,1
-0.8312430836412267,-0.6098646389786856,1.87635542218493,0
1.567237524719447,-0.8107698466547242,1.5313904043199342,1
-0.20783157805110608,-0.35442476465165085,1.3097732784914564,0
-0.8251028830896946,-1.5000505588959734,0.5976796691811781,0
-0.9121220338914935,-0.5961830812927112,-0.4903094526114986,0
0.7735669617820031,1.0910970696710387,-0.8937163231503829,0
-0.8514877797078274,-0.6652489192696709,0.34585261995747585,0
-1.0302300657330208,-1.3075648000146325,1.3042038334322994,0
-1.663630395892182,-0.2943075137819329,1.5486746687665787,0
0.02842315926849337,0.26391155419875506,0.7980222081917644,0
-0.24213746501474376,-0.323084658568279,0.523787089554232,0
0.7535050593767352,1.382590423888256,1.9258272237780338,1
-0.6642224047161582,-0.6246182581146561,1.0556740643416616,0
-1.3526311042553094,0.28303268575551344,-1.4530509678370016,0
-1.0339307369567206,1.2720698855258958,1.605410023792974,0
-0.8325757970255117,1.4781209090062912,-0.7485497842605504,0
-0.8293453173801584,-1.0070771769269662,-0.6942651037251755,0
0.9572801429037611,0.07462310527939525,-0.9632947187051892,1
1.6093632113320564,0.17937742878517066,-0.5259904913967588,1
-1.0316727822565748,0.02444429648245318,-1.2614084910880257,0
-1.1498049987449313,0.19276971841281662,-1.5037779773974278,0
-1.2334064144348458,0.5153406451114665,-0.0005697825243549115,0
-0.8265368164233593,-0.14114197585860042,-0.6163533896259439,0
-1.0483707249420888,0.6559279744270424,-1.0410191978670762,0
-1.1205123746027392,-0.754912526147149,-1.5803638985351602,0
0.7469076866676907,-1.0853141266691788,-0.8635218114556535,1
-0.8194648242337937,0.5606775459337424,0.7066175751048405,0
1.3545968790523224,1.1071167170897624,1.3100235180422488,1
1.3761442935619181,0.7693442999695205,0.16153004871346677,1
-2.453446617264677,-0.8138491243522327,2.0617682428781756,0
1.4677277518908094,1.2050337478416417,-1.2324373821263659,1
-1.6996493060293603,-0.23787245775944768,0.85041276033652,0
-0.009045207045494608,-1.1984304670114103,0.896256329603876,0
-0.8057135320876163,-0.3570732156806947,1.161532722720766,0
-0.3829569427283903,-0.6364499079085046,0.7293153964338784,0
0.7350262975238459,-0.4805869054297651,0.6201567555117498,1
-1.0517799900588183,-0.9026693435058547,-0.7665452237878648,0
1.0892044709937763,0.07410502525922172,1.1494618398808267,1
-1.0769306468747861,-0.2951013748425508,1.0085425759555495,0
-0.682472067113708,-1.2889077653530567,0.6482494917500687,0
1.8836971354713397,2.2709312588713737,-0.4307223001676559,1
-1.5061321455232557,0.47290014080176895,1.6798012906894437,0
1.4868023196106896,-0.7940402993247369,1.395580849522324,1
1.7319137007848249,1.1534177949564646,-0.0769959252724306,1
0.08641503624810087,0.17578530219640698,0.1456417507330784,0
-0.8749966592015153,-0.21371686962018122,0.24650531478638293,0
0.9197017723540613,1.888749850961954,-0.12480962381257954,1
1.3064707383161636,-0.025370737023424853,-1.1989143560188484,1
-0.7364015857066544,-1.800750995384731,-0.4180369111268861,0
1.0359428700342501,0.3499191850528374,0.36278310846305806,1
1.197911502822925,0.04239778503046889,0.9549013564986748,1
1.4374384447624622,-0.8229487500841378,0.36720420747656224,1
1.3610742956803765,0.22003019207629182,0.7897708130930126,1
-1.014324632209291,1.479737932534098,-1.1333231154839958,0
0.7210108681525478,1.0604176571733854,-0.8532803185588551,1
-1.5181075412912306,-0.2639222551203682,1.391064331323155,0
1.5050829138640194,-0.9549365071966877,-0.10272799566312929,1
0.9196052923555362,-0.6540790056319122,-0.9637087975839114,1
0.9408473249633361,-1.006902152254668,-0.9633262543148087,1
-0.9878147173026723,0.09855031586272227,-0.8593758200082031,0
1.1351625545924562,1.1895396988573288,1.761044595282888,1
0.9241887564073965,-0.7087020770542941,-0.9713640772739401,1
-1.6201810282305709,0.797070779269713,0.9277855555905214,0
-1.1754556986552473,-0.7229992109398012,-1.2142273708805325,0
-1.1546039084849606,-0.22334030972604735,1.302792426707549,0
-0.6326232586619918,0.2472939800545607,-0.719972646054696,0
1.2902602909845582,1.5953643139209728,-0.49107092461208657,1
0.5916517218620627,-0.9014753127601424,-0.7698508114521662,1
-2.3015014681969377,0.9241076697684514,2.3433865443268234,0
-0.8787007923025801,-2.267663682850418,-0.8255029176536564,0
-1.2652525635907033,2.413255020873898,-2.012223657130745,0
-1.5624130812684014,-0.23078050351379417,1.2215413141614178,0
0.6701130278284264,1.9588153149750491,0.7347277768338698,1
1.2974095773290002,0.25765471175065624,-1.1641839982256206,1
0.9428682112589608,1.4567985668686803,2.744696018666229,1
-0.9635577505848957,-0.7959174520380887,-1.1334169608782096,0
1.4445628253474694,-1.2906679022159606,-1.2524156370688786,1
-1.3405732160611858,-0.12955461221576434,-2.0085776631593655,0
-1.0335662154519385,0.26722785778585345,-0.9246780026394101,0
1.297051697081367,-0.2379095736703091,0.22472239246458914,1
1.3488968111916215,-0.7557339176947186,0.2693502312828776,1
-0.767205050577693,-0.3576717426653162,1.7760828291353108,0
0.7519162969644894,-0.6115530233954707,0.21480115746368544,1
0.763957575859933,-0.2655786428641355,-0.804797967472655,1
-0.7124112316211786,1.285311009916965,1.010340979281933,0
-1.79390265151714,-0.6706842478559756,2.125438067460853,0
-1.182740506121888,0.7662872039166356,-1.315562825765672,0
-0.8878969593350781,0.03076555064107939,-0.9106660951790687,0
1.151386868039912,0.4808608358853166,-1.0371992377685777,1
-0.5199973095360879,-0.20754630486442693,-0.35464616896524725,0
0.9493134254693394,0.7469928253012437,0.1536290194904668,1
-0.8053954286972297,1.7543692892435954,-0.8434936058806759,0
-1.183381356906379,0.32816773848142655,-1.2392755921662162,0
-1.283945798803312,-1.5243003088812255,2.105467181892478,0
-1.0199337476850765,-0.8673744371010548,-1.0328020728257457,0
-1.1235035669327413,0.09227145305441412,-1.0560300752897434,0
-2.2510557315509603,0.9017975096743961,1.1299490484207007,0
0.9399453969151556,0.4473156683490841,-0.9251327616362401,1
1.6658819585626743,-0.3704244652935936,-1.3314055733475332,1
0.9171544165216726,-0.4630095228690199,-0.9282579467440003,1
-0.8458496012123761,0.8190094019511488,-1.0065838953387096,0
1.0115080419433968,0.06441377187739143,-0.972427643364171,1
1.2486984103841317,-0.46104952028543156,0.12465861101674325,1
-0.7118480500038435,0.746889264214625,0.2029028966501285,0
-0.9423710790395139,0.6176230805638651,-1.062114396258355,0
0.7364522912005751,0.32644929486218854,0.9991202211023497,1
-2.1283418394533173,-0.5444895610753403,1.3067183233789834,0
0.28412622131672416,-0.473339332589048,-0.6183484791764241,1
0.9324217263784559,-0.24180764889946135,-1.0101577524067378,1
0.7220818663590192,-0.8976595684486125,2.2626797597642567,1
-1.040707473651854,1.0080769976881974,-1.067252267383249,0
-0.7894343398042311,-0.340397220211857,-0.9793684954335282,0
-1.4707168117426717,-0.06386872893937044,1.459288678481646,0
1.189641098289826,0.9095111630214944,1.783033949209977,1
1.0147553513215095,-0.17739316621653348,-0.973565656827121,1
1.1295395570412603,-2.4716473416422957,1.159095429854004,1
-0.01812186840136565,0.07827631644225752,0.5152069445756475,0
-1.347017990236712,-0.26188026193769526,1.0715168758164322,0
-0.40693285552888825,0.43419106536703134,0.7985645960496343,0
-0.9045543251969166,1.6977456285226573,0.2006151636961292,0
-1.0448386617520269,-0.6112961887853361,-1.0226043811517107,0
0.9243227769032678,-1.3621342964183076,-0.978407962647448,1
2.02700730450107,-0.630358765933196,-1.5412641674410104,1
1.3889560006710995,-1.031494384264933,-1.233544016663281,1
-1.0504109976356542,-0.5976614955604019,-1.34845386054375,0
0.539090432820997,0.8136880511637272,1.5555085847529058,1
0.5459967659503193,0.4412185475699519,0.14080411012825444,1
-1.7116069508554346,0.027761852819369624,1.8811500687895957,0
0.8744021065943678,-0.14315787018778606,0.018542080741301148,1
1.2799068284653639,-0.9696427555857443,-0.15696296450365943,1
1.530393452723951,0.6802132811653235,-1.294191941777858,1
0.9826578153653897,-0.8285230210279421,-0.9808711117446098,1
0.5147444129272087,1.3874817542842102,-0.761815264038693,1
0.8044344067264528,-0.06755295241521773,-0.9221916396610018,1
-2.028054420652283,1.1198369129651131,1.2672846056809488,0
-0.7627459248881688,-0.752283705869756,-0.8618344990075542,0
0.8901471587809644,-0.38444144303468936,-0.911435346158087,1
1.0363953838742868,-0.9849080762568679,1.6902205498803027,1
0.6930846593675452,2.3303852122934834,-0.8670890263732882,1
-1.1762556964802815,1.4805080066460976,0.7737618867141287,0
1.6263796718731887,-0.36442618823163225,-1.3898263461302325,1
1.243756040438325,0.3740996083513234,-1.1821426408447362,1
-1.1112563612233424,-0.30413152369941876,-1.2173430882453793,0
-1.1479301503996848,0.0201884811271258,-1.1696805956394265,0
0.9481204022770842,-1.4573573945767622,-0.9753539482102458,1
0.8743335767895672,-1.3181468641742546,1.4023351829968433,1
-0.8794704112430194,-0.735418264041312,-0.6342186205341662,0
1.0554445273923152,-0.28287354849599816,2.2119096365461717,1
1.5851430981271522,0.6962303639968586,-0.38714140434567246,1
1.238187765782188,0.10988496090503817,0.21465003530235205,1
0.8239958650507406,1.4689491472087968,0.11665861213746465,1
1.0761786259432682,2.512055839767731,2.0299497511954367,1
-1.0157067768098016,0.4805207240736653,-1.2550944387066354,0
-1.1159570395286944,1.3750115895877097,-1.3456254639788665,0
-1.0712572886856968,0.5782001990708409,-1.136900783814087,0
-1.0112772050590562,-0.32674682960523815,-0.7831826670690766,0
-1.9512647953238975,0.9633161247008822,1.910666834834002,0
1.1536367140510724,-1.1763029318878624,1.0546719317177196,1
0.3424863883474747,0.7680013256291764,1.1439639504200867,1
1.1870922749009094,0.32107399238534284,1.8541976925304096,1
-1.146182124190725,0.622229706609043,-1.1013046739563634,0
0.6858244561854334,-2.048704155549765,0.8680133332184503,1
0.40716389867067526,0.0927340014401535,-0.6832598709057107,1
-2.2332933427519928,0.45241065574747025,1.6607359295632556,0
1.6801075283276377,1.1507038726629641,0.4668140521945052,1
1.3147803447204225,-0.45161738789035033,1.5010153926644405,1
0.7109219552790105,1.4184044244230807,-0.15858172680312843,1
0.3901697150034227,-0.11948123924524225,-0.6400774084994065,1
-0.8419291887101252,0.49426685665739484,0.7231221986406742,0
-1.13061403695128,0.996113731314169,0.5129429222385381,0
0.4265162607895484,-0.05243410835028436,-0.6782341663549318,1
1.4687320070372691,-1.0653007400084853,0.5336766001003925,1
0.05212255436620383,-0.8027912344419985,-0.47534474050299336,1
0.7848483440671061,-0.41114838677838195,1.6083691142358167,1
0.7145919935930789,0.7138528529013907,0.7064704486840186,1
-1.9360108546320107,-0.011830283907273595,1.5786915013060878,0
-1.4000972435586503,-0.5312761959927965,1.5964530287137695,0
-1.3409147488193922,0.47369378350328845,1.5190388445643572,0
-1.2379182923374736,0.7765757018171832,-1.3217443637877457,0
-1.8071556730139684,1.1345104590844406,1.2188304243969794,0
0.947825429557811,-0.4227528215355607,-0.9504334575087381,1
-0.43227951046964885,-1.8935980182432683,1.7856433794457574,0
1.3205964438150801,0.8903520588655228,0.8816285804058975,1
-0.08796758367983559,-0.4477358354125036,1.0110874070186684,0
0.8984415587049042,0.9941824738796082,2.6814813144209824,1
0.9019964384035246,-0.7163847172443256,-0.12995571732646005,1
1.4393673041271253,-0.910209027417351,-1.2134597098292323,1
0.569792995209658,0.5132237840999035,2.37640949793447,1
0.4570768392099115,0.7250821556261835,1.3219597869585575,1
0.8839147592407097,1.0129243732603694,-0.93274115451005,1
-1.0668320403333598,-0.8793362900856168,-1.2274176673143182,0
-0.8138488456809783,0.490918296832428,-1.0202902620578185,0
0.8214199605063295,-0.9092386320228371,-0.8988206168243207,1
0.9455483644418005,-1.9467578731451283,-0.988066456838009,1
-1.0314272259426132,0.1017507111134343,1.2005422773636198,0
-1.5302928590307705,0.11516320905421523,1.2399956937231755,0
-0.9955760479859073,0.35638273037873847,-0.7578739299251441,0
-0.09169434823215128,-0.9141093747551203,1.7696095075621,0
-0.006815355285619273,0.3714050423536998,0.988034248220661,0
0.54473415142484,-0.6147407724947918,0.37970655991672475,0
0.9447321116526336,0.410662630574125,0.7316440952204266,1
-0.9707587560806801,-0.006484440343703687,-1.1261326484881997,0
-0.8738786989539613,-0.7004397517425996,-0.5668828115070482,0
-1.0206506675729223,-0.9618370588136641,-1.0155822524812321,0
0.8359252079955836,0.5705404539519395,-0.9496541120888631,1
1.7249960332772303,-0.16086693264646287,2.2473185909338507,1
-1.015889140773561,0.2690581366085442,0.6513439987351768,0
-1.1302567922190911,-0.900235724515151,0.33571722191139786,0
1.0128413138096037,-2.0048395254760147,0.6936198268861503,1
0.30124793586861864,0.8160510799836812,-0.5829914695372492,1
-0.8447849207524132,-1.573129001668117,0.5371386633528198,0
0.7606684340965746,0.4077121376095583,-0.8623506053590096,1
0.5971743076686955,0.08226365913664427,0.5762185494171992,1
0.7254412061021982,-1.3721531074815998,1.39585486970183,1
1.2755620301408197,-0.567918871794587,-1.1557814560886097,1
-1.0128038851558416,-0.9553850912737569,-0.8805073271794749,0
-1.0768910612941076,1.3755839711266469,-1.4309507344610943,0
-1.3709742689029623,1.3919891456479263,1.4664893168636013,0
0.9886447807343067,1.1348068301776277,-0.9786177858664019,1
0.36851487705314945,-0.354382000718306,3.362534417717333,1
0.7272765783818752,0.9966124581613762,-0.8244489787353757,1
1.9383923266611576,-0.8497008599872011,-0.30654640775948483,1
0.7705534003663643,0.885553086021402,1.4929896064926056,1
1.7597346353916536,-1.131117571988076,-1.479509941387469,1
0.7748551558054251,1.0946457502196176,-0.8317439769210709,1
-1.1233895545697457,0.39683523218036704,-1.0929905038190977,0
-0.856666516914061,-0.47863068081058513,-0.5573561941835624,0
-1.0872616802781936,0.07659127278492818,0.6899229386105057,0
0.8043302308868736,-1.0049857651836116,-0.8804904554774345,1
-0.8364346591093108,-0.33139530881016277,-0.22802592576270764,0
0.15510513835276307,-0.8743667842441576,-0.5420315769682722,1
-1.182164927923879,0.4049474473471526,-1.4732323186314749,0
0.7924748618340234,0.11457764431083589,-0.4155308326165674,1
1.2651376235878524,0.0703038238164534,-1.1377800697464362,1
1.0257073889228092,0.28593565862480447,1.046884408662136,1
1.1360777337137065,-0.36372349704691026,1.5653921868619127,1
-1.5585636949103152,1.2866423045974171,1.2852769691638999,0
-1.1206985159931402,1.2434679694003932,-1.5317116081328979,0
-0.9951802821113666,-0.8653233911001453,-1.055432242329574,0
1.2566403646546365,1.1758476819322936,-1.1131604656298164,1
0.009578006924848337,-1.399612980328462,0.7814694927727865,0
1.0442983932599614,-0.7256533233594885,0.6465577483349726,1
-0.8713171749224856,0.4930493328713458,-0.9173611268841195,0
1.0733243533426122,1.3418805039753725,-1.063190470873378,1
-0.8087793612971383,1.6250747929537068,-0.6204090577641966,0
1.160673858825858,-1.126758214911953,1.8855316041391892,1
0.8823435117735282,-0.05402245259458691,-0.9593717478557068,1
1.4262598297058258,0.3473942653792123,-1.2437750767758327,1
1.085664741839894,-1.6301882201863291,-0.5945155260515165,1
0.912403733297573,-0.16484160057770514,-0.3963850286007171,1
1.5542066870570785,1.0220853347069259,0.3291471714608186,1
1.1954249327278654,1.6218107572525828,-0.18992300416204366,1
-1.9698938898637723,0.050110333433863716,2.060132056548456,0
0.8044128317688074,1.1790698602320344,-0.9148123638631604,1
-1.2985971552945552,-1.0649708681725727,-1.4468646942949765,0
-1.4740806398462785,-1.2035717187416168,-1.5477280019226285,0
0.5005764441055709,-0.4522132213805257,1.0574248980668717,1
0.8983085406875112,0.2312546273769559,-0.9260036937701179,1
0.7196218643290035,-0.9884677140966764,1.463502908402649,1
-0.8895117655828781,-0.06793548125112478,-0.47696537342091305,0
-1.2587997732665346,0.8885445876416909,0.28317774619513636,0
0.686134670576845,-0.5198854400618512,1.8014107008583742,1
1.2843539995728028,-1.1145224592826888,-1.1684803507320292,1
0.7854763028508864,-0.6998738959686173,1.6735367495206517,1
-0.9662889130548682,1.3992645514494986,-0.41394114847634866,0
-1.0882507510584665,1.139635992531675,-1.377239992719736,0
1.2074196440838103,0.24600489134976694,0.3552690292728339,1
-0.2816566517484277,-0.12247555230652146,0.014063507045122492,0
1.505341988321536,0.942548336903947,1.4531721200345928,1
0.6808714807854421,2.1808550085061245,2.416598982837523,1
-0.5047343305768903,0.9580384731453003,1.2176979070696756,0
-0.7994842044458724,-0.5710658826226868,-0.40904370669071666,0
0.8330740170472393,0.019024250758667767,-0.9592331824382242,1
-0.8742986521742091,0.8210567087736337,-0.7869059624631525,0
-1.686354993767452,0.5362758809402249,-2.374035633750897,0
-0.8152351695502744,0.00547919142375137,0.5379160244716406,0
-0.9317280344977262,0.5197724428443965,-0.952137504527456,0
1.2982390137612454,-0.1254076677060922,-1.2220533787466075,1
1.6046088510302563,0.21248382183251002,-0.7466630639224079,1
-0.9137025191953873,-0.17576438575477485,-0.8272867066615562,0
-1.1705848106547643,-0.32573421137057207,1.535165032738391,0
1.2486650879244707,0.38460412695216956,0.9408820781415005,1
1.4178636747432107,-0.8760937547827714,-1.2263235882153467,1
1.1040290180410712,0.8330575845880313,-1.0264634034441107,1
-0.9961573507783398,-0.027714076983933557,-0.8005840389426464,0
-1.3762719346142924,-0.5338290172781623,1.631173820783877,0
-0.9395398587576822,-1.1556623757793008,-1.1916088416552435,0
-2.012086081959252,-2.0369815020636017,1.4172893774313318,0
0.8631590717866606,0.35429856672644394,2.2705532869632172,1
1.7314044989078903,0.3169068701036183,-1.4099065170525586,1
0.9383490817253526,0.9916401419540757,-0.9793367537772222,1
-1.5511116309274695,0.7089913041081598,0.6778299947740454,0
-1.0912784654926855,-1.515617341327807,-1.3020194600689068,0
0.5480375773932076,-0.9363148209603196,-0.7934276430989684,1
1.29229350888683,0.052484805066279734,0.525919824218434,1
-1.054955671641789,-0.6810061814792356,-1.5269401704921717,0
0.03469656661158127,-0.9761727776017609,1.229280361519666,0
-0.9705492307624388,-1.5427156495913619,-0.8986868691444146,0
0.7016633140895037,-1.8074623451253742,-0.8312220428772576,1
-1.0958594247642721,0.6956868564679348,-1.2422245977177484,0
1.6887817414242723,-0.8025902036183677,-1.404768366351772,1
-1.1991736677969078,-1.2379232075688393,0.8732384140774437,0
-0.9944246417147191,-0.09960242777716546,0.7556983412463063,0
-0.8169888876845107,0.02515636632138095,-0.7620318941346609,0
0.9013105876920721,1.5751225739418966,-0.9548812164667165,1
0.9883739553867849,-0.29021926690668287,2.5984987324184208,1
-0.37675988817166606,-2.116845238735012,-0.21058856568001805,1
-0.9846412682797473,1.526368092783419,-1.132128058098985,0
0.4153199947313202,1.3945730435059749,1.0048660805296918,0
-0.6614214162960707,-0.9094102531927458,-0.353175102679784,0
1.7420383158205985,0.2918903094056493,-1.4025018506375038,1
1.0358561021945474,-0.009682402906607204,-1.0258770876277574,1
1.401008986759006,0.6413028385037308,-0.40076973524914195,1
1.2856374118291574,-2.051242668519068,-1.2059545143349097,1
-1.74661715586719,1.1587782161789366,0.8823166156163793,0
1.5043154646336419,-1.1165738246167582,1.008004748917723,1
-1.4271656316137127,-2.1268459871330596,-1.7982111784122348,0
1.445098509356738,0.05215358488609752,1.3801533663282055,1
1.3439694448967372,2.4424668689426365,-1.1574554079974682,1
-1.7093687820664996,-0.055972915615319155,1.2969390253813253,0
1.2866803104917022,-0.7321386363428262,-0.2833274473872125,1
1.065146562676078,1.0970876632052513,-1.02731906943341,1
0.09734350160712402,0.956233227225281,-0.27499236945925354,0
-0.4522387669230207,-0.9414349007965068,0.7207419180185726,0
-0.8823738215092126,1.2729521397910026,-0.5671815319559277,0
-1.1023772274476262,-0.44323885444153605,-1.006694824710873,0
1.1169018234655572,1.0189587907747217,0.851742792708747,1
-1.0462554571243021,-0.7657860058054584,0.7257031268094072,0
1.641048980280372,-0.1822531779908591,-1.3776844797289132,1
0.810850285283875,1.6154388950440117,-0.8943571976174826,1
0.6534398620662614,0.70168771755904,-0.8179513815803766,1
-1.017613177074618,0.6973645971874155,-0.8507132451264978,0
-0.9329188935294274,-0.4605551022980676,-1.176494437711733,1
1.4529365020397482,-0.05493032958271578,-1.2209182772546303,1
0.5813248469590487,-0.3831859356817376,1.2123958299178421,1
0.29842169663116547,-2.3401246932768944,-0.6119766925496193,1
-0.12581949761858713,-0.023999491909308234,-0.3644448097199896,1
1.1952072796042392,0.007133251262627375,1.897333365190089,1
1.2419816882241619,0.6302498771684834,-1.1014102112315403,1
1.6038400267841098,-1.2170730334067426,-1.3393248706016714,1
1.0158691778414808,0.8290673279395031,1.5517302460287412,1
-0.918973923697596,-0.7385250855166334,-0.48255271156874635,0
0.7775837360793418,0.08931294172742489,0.5985379122552987,1
-0.9273644928346878,1.51961028109517,1.461726266683288,0
0.8062785345545769,0.538970017478329,-0.670644046344181,1
1.301111638869311,-0.16847912169691698,-1.148304797924266,1
-0.697071449357918,2.381183212635182,1.2681701211357725,0
-2.0396960980649137,-0.16858657029242238,0.5793148547458367,0
-0.753141086771085,1.0656912944889685,1.4180919982137747,0
1.2738508051436102,0.015073073495187444,-1.0356139521083572,1
-0.9661002683702472,-0.510346480706521,-0.6268249064525604,0
-1.202391217503592,0.30403226316801524,-1.3647188833347985,0
0.41371809151259686,-1.1070984285948726,-0.7340161380040358,1
-0.8383329463569734,-1.2914449643370114,-0.8958091613047406,0
1.341358106220529,-1.2928765105159625,1.87425244840255,1
1.2288332493242051,1.0586522943173868,-1.1316432682116295,1
1.4154321559252208,0.6396277980776117,-1.2146207157005737,1
0.7364035991887268,0.7044007995978546,-0.8872132382749455,1
1.0190909073686274,-0.5324015257533281,2.181322569231766,1
0.31822142763657146,-0.37996033839475113,-0.6503735782469493,1
0.7911770913519496,0.9448438235777203,0.9509717939164547,1
-0.8119447305795471,0.1264118955408022,-0.6580282018587127,0
0.7388927513743773,-0.7025897382651337,0.6094688151092762,1
-1.1708933082528963,-0.023992343967408736,0.8356282019289288,0
-1.033940896575173,-0.18949955605866242,-1.0559414159316485,0
-1.1527918799950847,-0.34425314205274593,0.6513768504653435,0
0.8415721529674283,-0.30235721345992456,0.5277501994803606,1
-1.8377130414262015,-1.2406288570609914,1.3363652930545953,0
-0.5267991824251839,-1.3011828768423086,-0.0010547048282326665,0
-0.848440688407804,-0.01949989944844895,-0.5817334244051915,0
0.6760131169857255,-0.19546952151638544,-0.8607345804464117,1
0.8590789059878523,-0.1359439688291274,0.1865059880163049,1
-1.0501095671797651,-1.3024089194574962,-1.054833320307863,0
-1.385329123006561,-1.0441531535802981,2.3667464059067953,0
-1.2180606051099434,-0.5185870051860707,-1.4829175250083857,0
-2.136509360353696,0.10750193772935615,2.313909240902268,0
0.9538860848267847,2.4414268011355675,1.2291349734924437,1
-0.726430337350809,1.9649633822230723,-0.45726225966483136,0
-1.5790935007870155,-0.8822069539508642,1.3577525994457957,0
1.7238525328809868,-1.0397102225647863,-1.3560504122706853,1
-0.6952270342728715,0.6773259181465711,1.3283015267494653,0
-1.412105911804286,-0.17484512006853514,-1.7483983434489208,0
-0.8113040352093027,-0.7276534000093002,0.9737296852084711,0
2.3650071091910068,0.06286509694211631,-1.8173576326771808,1
-1.6017074181164328,1.2494565416084136,2.2234432211891364,0
-0.6101678460609008,0.39862604751392655,1.4606647151015564,0
-0.6192208061910378,-0.12404382401741718,-0.1301003181314746,1
-1.8375931182345977,0.23905916645336325,1.279240967726401,0
-1.0602550672113302,1.419548451635634,0.989753764923983,0
1.82600435625832,-0.4309961107714541,-1.4636360095548038,1
-0.6596107418191631,0.7076472587508793,1.1387270464545383,0
1.0644976244394302,0.5803306629068322,0.28877241562253697,1
0.654594793761917,0.1448564006690275,-0.7862161262950556,1
-1.3660372601314212,0.22443217072514365,2.0576254410119583,0
-1.682801638341488,1.9518708118682977,1.3931831264836134,0
-1.235023578491421,-1.6211728847169504,-1.0305172354602787,0
0.9152043100050957,-0.1491037392135775,0.37886253278525117,1
-1.1372166252363263,0.01437387262166922,-1.283922419410934,0
1.2530584912114222,1.3751607151786998,0.9798492462545214,1
-1.2056735584867961,-0.6984939166198703,-1.1962905924860223,0
-2.061672979301072,0.3725850012351967,1.7898533241176116,0
-1.17174443215605,-0.3884834950419119,-1.365034003451531,0
0.3323385469232193,-1.5779291554998425,-0.637613264490226,1
-1.0096692196377473,-1.3262703259243147,-1.0407879469949683,0
-1.8331791318728383,2.3598182308314097,1.0951830447621562,0
-0.6607832308800736,-0.6409027835726033,-0.27681349222065177,0
0.7137365058586584,0.3688771487661727,-0.8367393170511506,1
0.2514548180092848,0.5692651078042305,0.8632228096826539,1
-0.9117219223224832,-0.11209097355137723,-0.7914785366948637,0
-1.184119872701609,-0.5940327470384208,-1.0046908668928047,0
-1.8093602974186753,0.12237503470926511,1.6432817445104018,0
-0.849454169448546,1.2972856278978464,-0.7006560290100647,0
-0.880586678119977,-0.0032497397499393343,-1.0062457392163837,0
1.0894953219816301,0.6643209788805862,-1.0612010173016797,1
0.12192035998151984,0.10987540583114606,0.8740218736663787,1
-1.722575359529532,0.67694410543242,1.0956404152690433,0
-0.20919312388864375,-0.16869687935542024,0.7620879381837196,0
-1.1411449696472047,1.0859992688780866,-1.1585638589872063,0
-2.4589909690164315,0.9356375118485826,1.536434718686813,0
-0.985133551081681,-0.45527885258996725,-0.9829186930156815,0
1.4561619301159974,1.1278168870237995,-1.2263691339115947,1
0.5824985737466613,-0.2945475216889457,-0.7636131179267216,1
0.5387342694711743,-0.033516207957663184,0.6746715686268951,1
0.32767717109160144,0.41809014017017154,-0.5431139482239384,1
0.7180345666775572,0.2461917883592669,2.5205603828443084,1
-1.6779523232845315,0.2811360757831573,2.45517482061529,0
-0.9152049736972712,0.4019314655742786,-0.6631330792020398,0
-0.4469963080865934,-1.3883275657979244,-0.3563740629751967,0
0.4182892308201931,-0.32699345552811726,-0.6871422558330622,1
0.707847440752214,-0.40947223403467853,-0.027388780425136927,1
-0.7867368529790669,-0.8325777325017498,-0.5262527577673652,0
-0.9048066282809082,-0.16941323456326757,0.8243312371110482,0
-1.048676606987323,0.898271991541352,0.5117877750773453,0
-1.2550335707078768,1.4824450482921323,-1.358904459266629,0
0.3404384004417278,0.5369741506393778,0.7475855445723605,0
-1.3132166832931924,0.29812621557700564,-1.6390849803580578,0
-0.9237002360242891,-0.6034675823695681,-0.7466033368469503,0
1.2722734966624472,1.653247800305454,1.189497420690205,1
-1.269263041304719,1.1002784354078354,1.3625097317160226,0
0.9141896598688574,0.1577666868906768,1.8906766417736012,1
-1.1817965780927375,-1.2334114238140679,-1.2316377183403642,0
-1.0333200133994844,0.7780278218198888,-1.2335395409217693,0
-0.38074939334296176,-0.7224634519177214,1.7269289004921275,0
1.0389995482859888,0.35761053465846226,-1.0705215269267803,1
1.3338083863826495,1.9088099237078373,-1.1655007474443102,1
-1.6331313587099539,-0.176192658954403,0.9835352247799181,0
1.0534816495466894,0.8149743654006993,-1.0335117322354852,1
1.3696692170949962,-0.34609013866803984,-1.2108696980296196,1
0.9771923250601192,-0.9661542776382952,-0.9495620126966078,1
1.0311270336544949,-0.2831727986566494,1.3550785831551948,1
0.13412803454110978,0.8591315903506361,0.6179779866718531,0
-1.0630964187332577,-0.11329144259202849,0.5048858620448216,0
-1.7776145919966027,0.4550790361519801,0.49362567495246035,0
-1.154694003117594,-0.1363051770865751,-0.9961569831895498,0
1.4542378518602468,-0.11047317071194213,-1.1692318152091277,1
-0.8523042384941675,-1.2442327170058898,-0.6737147875270131,0
-1.0356048196065,-1.4169330110417788,-1.1172449324862472,0
0.6955818085153483,0.28043173444719466,-0.8185455932732905,1
-1.1427555348338843,-0.07632762395028295,-1.0156378006098463,0
0.7780522543924142,-0.3251492779830709,2.3143573475842505,1
0.8485059025680965,-0.4095924253764641,2.0224129013812138,1
-1.0518583741701022,0.3438662525093615,-0.875479959344284,0
0.4440782015362239,-0.2996201617889022,1.1941136428014898,1
-1.873925625550174,0.23675386411689192,1.2186289984426804,0
-1.5605268602440736,0.42175257535356264,0.6264916533365621,0
0.46069873536637973,-0.8915819536199592,1.998247220983163,1
-0.9790508697509058,1.0110903794513404,-0.7860128808891951,0
-1.3010634232634475,0.2760251793534522,-1.5402213848782158,0
-1.344341649501894,1.067712774090452,-1.713881177031605,0
-0.06625606308532417,1.5512214349061773,-0.39750133713557056,1
1.7694706110741145,-0.9974903494660018,2.616587214873132,1
0.8255590089245014,-0.49143516557500466,-0.15231588268074203,1
-2.3165664215675337,1.0737031340254253,1.8815019733220684,0
-1.7480260942707946,-1.0347845074517696,1.489572919912437,0
-0.6700428424124749,1.119412350684064,-0.40991038463387885,0
0.5524637327174844,-0.726446079687431,-0.7753878285141608,1
0.9866211127355754,0.49027115592103426,0.019583078744173754,1
-0.16159031712126026,1.6110078001051003,0.8256161739005439,0
0.9143587408982488,-0.06649978823188259,1.0844579603808762,1
0.8778320153244923,0.6695139354372744,1.9316927478366595,1
-0.8476067408871905,-1.1038445890326694,-0.8608899809479924,0
0.6763186559945156,1.1466023936274548,1.4736744094473802,1
1.6760059211398706,-0.3345066545685885,-1.3704075850175284,1
1.221709652026955,0.335413196447533,1.8787814000521994,1
-1.0534794411635025,-0.47718969103451714,0.6286155722357281,0
-1.0969365148621255,0.2217900805723857,-1.3741256368237496,0
-1.19890514411528,-0.4771032111827995,-1.2864544818861803,0
-1.4334712377464147,-1.4370320578113756,1.4770570575008004,0
-0.9300082644354174,0.9324084621671774,-0.8529340525552359,0
-1.3519735165559792,-0.4193799662014792,-1.7865783510164168,0
-0.9257039323448522,-0.6140935351598106,-0.826393203329777,0
1.149646914192772,-0.8552046394642105,-1.1082432332463894,1
1.4031162425170454,0.5703909554688283,2.3254649159787633,1
1.3212632816761334,-1.0555196156352238,-1.1503061855811045,1
0.8678683644147319,0.23754476290728904,1.7439491403106941,1
0.4737262641576526,-0.8260513213547609,1.476021438795508,1
-0.7836065200878,-0.4779928609026618,0.397175648514308,0
0.07462600814701914,0.7334218175054791,0.4126896834462497,0
-1.402739500154381,-0.2035242061765454,0.8709325397968232,0
1.8068142474059288,-0.7336648786655788,-1.4347005917539066,1
-1.3266780746065188,0.43513933814791855,1.1372345804709163,0
-0.8301500410118619,1.6783163508054402,-0.9281736812244142,0
1.6630133614617413,1.9044799216792636,-1.3410757261333601,1
1.3161440900607735,0.3217865115566183,2.0748780683647947,1
-0.10769820003007591,0.9295797249450584,0.5551059484777177,0
-0.433333550958965,-0.17342333628751724,1.3547281398400437,0
-0.2187877848574613,-0.45063894587073156,0.46174254038307605,0
-1.1360401461107237,1.0843421746829454,2.355188913082511,0
0.5475635236073553,-0.6845655938033178,-0.8360073821391756,1
-1.182855779137838,1.3786993252375268,-1.3978881958518767,0
-0.65031297924625,0.4621773199114222,-0.35227004902486014,0
1.8396103569175604,0.5211308208312972,-1.4943714556103478,1
1.3909979524131464,-0.6506373206385819,2.1233624462753387,1
-1.3667915925321692,0.13841688181017212,-1.710594345076951,0
0.4668916644001384,-1.9002755764745025,-0.6675222458214712,1
1.0567301358477683,2.753076369643836,-0.3069413556191467,1
-0.5453981046207247,0.9832135400846994,-0.5050733661409483,0
-1.2379226330467765,-0.7033296925883641,-1.2619530274201356,0
-1.0251353084354622,-0.129965844371091,-0.8877421238300859,0
-1.3969030967426976,-0.8694673023821986,1.5624347673002892,0
0.9932191643267232,-0.14855660504340917,0.41579306261793614,1
-1.0246059282657514,-0.22348907869994455,-1.0040012656782324,0
-0.9031765039092128,-2.0812255825392345,-1.157108322214911,0
-1.3955343265050313,0.17989462059450909,1.7914947032537452,0
-0.9605470337391783,-0.5281454555177393,-1.0039848333810089,0
1.1610335964092067,-0.21151524873090885,-1.077495385036142,1
0.8399695486630676,2.0524943069878856,2.843887837756922,1
-1.2434178789187347,-0.2103546566380445,-1.5052516346863098,0
-1.2055956186007122,0.2138105089212404,0.056423604749915146,0
0.6692438547887728,0.6247363814580679,-0.8212392847272596,1
1.0164580829173546,1.0607960701808006,0.9705336487352816,1
1.3993612575953407,0.4141663988457256,-1.240641612629274,1
0.9566184657578586,1.3219441765881694,1.625929222523422,1
1.2615443961562003,0.18084559091144956,-1.2146692482787982,1
-0.6205405368316488,0.9927101566473856,-0.20180960462123143,0
-0.07843272330235806,0.6242254692602479,-0.4430921655383959,1
0.47664289591932096,0.7434267256635682,1.1401741390676332,1
0.44376558538745803,-1.3255721089385968,-0.5044364206893139,1
-0.1458469614389437,-0.36901312694696603,1.332380423009051,0
-1.6311113385665736,0.41715338197319235,0.7085707504290212,0
0.7668983626106327,-0.1181781557269017,-0.8596952524520991,1
-1.2459130324309504,0.15017073783001214,-1.4124457311820233,0
-0.17478806579036632,-1.9927721962368314,0.23968353775102702,0
-0.9378514420616296,-1.3076549217416535,-0.8181539273240018,0
1.4535066977338802,-0.038696620189963594,-1.2757129430403045,1
-0.931371294892302,-0.33773523621173174,-1.1698766567328984,0
-2.2661067695408303,1.96456339997927,2.3390835973724498,0
1.1139476119250142,0.2858108616700712,1.2355971845288596,1
1.377903450445272,-0.800743211426467,-0.40808857560549017,1
1.0988960753887744,-0.6149017947622738,1.0161214111621677,1
1.5363084942640013,-0.5357484934180797,-1.2579703286359853,1
-0.4897061291782667,0.2569286983666709,1.0750221252768184,0
-0.5670550811059096,1.0376070981891168,-0.26530553169813675,0
1.2304305829357618,1.2767045168718392,-0.4447358248184412,1
2.352846132201838,-1.4899556460151855,-1.6690982001203585,0
-1.9391708218172372,0.5389047501370697,2.2677295035882894,0
-0.863720398355177,-2.4616493033114137,-0.9258844149541114,0
0.8345379864997687,0.8047377790893899,2.0014806533213125,1
-1.3305939296147125,0.1896105055856038,-1.5430912604039333,0
0.9946228067258234,0.5393652698174773,1.914279870784144,1
1.3934776952430976,1.3838131202106962,-1.241644483065029,1
0.9163498157514041,1.0135621540872963,-0.9666251299293204,1
-0.8166853201863902,0.8988471386906801,-0.6083074456853452,0
1.2851131513947054,-0.14243799414162636,-1.1656312570184313,1
0.675797521602511,0.6431261947636507,-0.8125321107099346,1
1.4780855177300958,-0.564042209003484,-1.1628289049654565,1
-1.131996708786533,1.9938582755680316,-1.3654040630008129,1
-2.3606408860067676,-0.8098828041942105,1.6352637724665413,0
-0.9217619322031054,0.48001547874210726,-1.1785553145966843,0
0.8063017765208712,2.021554403857272,-0.8523681369664626,1
-0.9465992556355138,2.3743457251575055,-0.9113512538343792,0
-1.3805043990921122,-0.6623477832229235,1.3148556276159769,0
1.053845027026696,1.8749845446309912,-1.0506062620963386,1
1.0991073187287477,0.40748727183346684,1.3679419874669496,1
-0.9220023246877618,-1.845665156563858,-0.6210107784454453,0
-0.9314875391241649,-0.4142353142516301,-0.8853756894006782,0
-0.778225000821853,-0.19803585412372146,-0.45843381782432435,0
-0.6796483280121717,1.9496923696772097,-0.45347930003784254,0
-1.2481560948323551,0.258322974489461,0.9333810648992921,0
-0.6803343369188752,0.9083595905880347,1.2794454530389947,0
0.9340419529955963,0.8600833655369573,0.5374699420887239,1
1.67576140968178,-1.7572224411484556,0.06292567366407742,1
0.8742961227462474,-0.6512951622208017,1.8908077388704867,1
-0.9422862550939979,-1.3710764173286498,0.6469274323713745,0
-0.8063161982194971,1.2085987492448367,1.3416737697800099,0
0.2559189822149207,0.9793564616867725,1.2065734461707385,1
-1.037426905365255,-0.5060412740276113,-0.9279556431330718,0
1.2560714008913083,0.05069447901033065,1.4375941073933887,1
-1.2480791210520215,-0.45199661900526356,0.5314046615997371,0
-0.544502867848537,2.136152975297977,0.24313167715690698,0
0.40616247247320725,0.49525059084608664,0.5862959240320889,1
-0.9794559066275964,0.6876065675119617,-0.4188477679460063,0
-0.9180829740010595,2.1308641818404177,-0.6217243041858382,0
0.19819747158450585,1.3437987394928632,0.37505990270417355,0
0.22806702198295592,-0.2259333435432591,0.7901594792423428,0
1.0224983819192826,-0.23868960875401635,-0.9267226106885362,1
1.2808918263779012,-0.26355031296567477,0.8579032732411036,1
-0.10844374457992079,-0.7921630733510953,0.40188042466352525,0
1.3354933132786857,0.005203034146740972,0.9988464150218214,1
1.5734712725206474,1.351434309375051,-1.3474908433661157,1
-1.2407859929839777,-1.821336232392067,-1.2848203722599267,0
1.3100427469859217,0.7117988461701248,1.31896681915579,1
-0.820724347841178,-1.1192614582951521,-0.8688033054167689,0
-0.9511725157093066,1.6552977095660615,-0.8061998722538379,0
0.9814483388985471,0.4784182006695243,-1.0478229265380092,1
-1.3985388207483918,1.9048323710870463,-1.550964005130013,0
-1.2575252914865929,1.6992795200524446,1.2389721985023048,0
-1.7183324905377186,-0.11155926108255233,1.4380617510045697,0
1.6634383112055113,0.43077029538400063,0.5524167485114734,1
0.7171393430935915,0.7693253114234824,-0.8081621919386508,1
0.8978902125173496,-1.2803493904703176,-0.931303763959162,1
-1.3585941545267897,-0.5034283848005426,-1.6044468818554405,0
0.3359126049443327,0.1251513407512203,1.883090023452119,1
-1.3220319392265074,-0.6856013036899135,-1.4946081740739665,0
-0.8693204883072083,-1.377365007362288,1.5519706367437123,0
-0.9620869450969961,1.284366757862508,-1.0519060629204575,0
1.1258768086616586,-1.1677138561903506,0.5945718103891436,1
1.3163437045620974,-0.12465611968090466,-1.17908942557539,1
-0.9242576973688468,0.3061147495185355,-0.7581982082884167,0
1.217662191973167,-0.3594475708922793,-1.0935496401993865,1
-1.0795515213122204,0.6321793407285061,-1.3742286658898255,0
-1.4268275932528292,-0.06338249236221982,0.9028415101648883,0
-0.94653619590998,1.4836756274386327,1.5737684571745443,0
-0.6682553691244717,-0.39308713231798637,1.5695101021477096,0
0.9908786403899928,-0.4143260627174032,1.436867418013399,1
1.0697786565001046,0.30085832827243314,-0.9694131229726372,1
0.3999846305547343,-0.20423405744629408,0.257856311255829,1
-1.0178803737191342,1.9161810615243444,-0.8610698564907536,0
